,0_x,0_y
0,[],Look+Tina Britt
1,"['Nada como ser rosa na vida\nRosa mesmo ou mesmo rosa mulher\nTodos querem muito bem a rosa\nQuero eu ...\nTodo mundo também quer\nUm amigo meu disse que em samba\nCanta-se melhor flor e mulher\nE eu que tenho rosas como tema\nCanto no compasso que quiser\nRosas... rosas ... rosas...\nRosas formosas são rosas de mim\nRosas a me confundir / Rosas a te confundir\nCom as rosas, as rosas, as rosas, de abril\nRosas... rosas... rosas...\nRosas mimosas são…\n\n\n\n\n\n\n\n\n\nTraducir al español\nFuente: Musixmatch']",... Das Rosas+Dorival Caymmi
2,[],Sadie Was a Lady+Johnny Bond
3,"[""We said goodbye a year ago\nWe sat within the farmhouse\nSo you know, don't you?\nI went to the house alone\nThe power out, no telephone\nYou know, you'll know\nThe gun in the drawer\nThe long distance call\nA story to tell\nPatience drifts into the sound\nYou are nothing to me now\nI made time to figure out\nSave us now before we drown\nHello, goodbye I said last we met\nI'll be easy to forget\nYou know, you'll know\nAn empty beer, the sealing broke\nThe saddest song we ever wrote\nYou'll know, don't you?…\n\n\n\n\n\n\n\n\nTraducir al español\nFuente: Musixmatch""]",Lion Tamer+Damien Jurado
4,[],Stephen Hawkwind+That Fucking Tank
5,"['My mom always liked paul the best\nShe liked his smile and the way he dressed\nAnd when he sang\nHis mouth made an o whoah\nDad liked the girl who did ""Delta Dawn""\nBut I\'ll save that for another song\nHe loves all animals\nIs what you gotta know\nWe started getting death threats\nIn the mailbox milk sucks,\nLet the animals go\nThey were blaming my dad\nFor testing on cats\nThey were blaming my dad,\nMy dad?\nMy dad (my dad) versus Paul McCartney\nHe likes to eat meat it\'s true\nMy dad (my dad) versus Paul McCartney\nHe don\'t really care if you don\'t eat it too\nPaul thought my dad was a science guy\nThat makes shampoo that doesn\'t hurt your eyes\nHe got reported to p.e.t.a well,\nThey had protests in the neighbourhood\nWhen they found out they didn\'t feel too…\n\n\n\n\n\n\n\n\n\n\n\n\n\n\n\nTraducir al español\nFuente: LyricFind']",My Dad vs. P.M.+Chixdiggit!
6,[],She Can't Feel Anything Anymore (Album Version)+PAULA COLE
7,[],New York City Speed+Kill Hannah
8,[],Face It+Bryan Jones
9,[],Le Cicale+Patty Pravo
10,[],Priceless+Rocko
11,[],Sweet Rain+The Inmates
12,[],No Fun+Dwayne Sodahberk
13,"['Y esto no es otra historia de amor\nY esta es la voz de mi corazon\nY esta es mi mas humilde confesion\nPuede que a veces me vistiera de\nDon Juan para enamorar\nPara impresionar\nNo paro de entrar, salir\nDe la vida de la gente sin pedir permiso\nDe entrar, salir\nDe la vida de la gente sin pedir permiso\nNo paro de entrar, salir\nDe la vida de la gente sin pedir permiso\nDe entrar, salir\nDe la vida de la gente sin pedir permiso\nY si no lo negare\nTengo un demonio debajo de la piel\nMi angel de la guardia me abandono\nSe rindio y me dijo no tienes solucion\nY aun sin morir no tendre la satisfacion\nDe haber echo a nadie feliz\nSolo sirvo para el dolor\nNo paro de entrar, salir\nDe la vida de la gente sin pedir permiso\nDe entrar, salir\nDe la vida de la gente sin pedir permiso\nSe que…\n\n\n\n\n\n\n\n\n\n\n\n\n\n\n\n\n\n\n\n\nFuente: Musixmatch']",ConfesiÃ³n+Fondo Flamenco
14,"['Zadok the priest\nAnd Nathan the prophet\nAnointed Soloman, king\nAnd all the people\nRejoiced.\nAnd all the people (Alleluia)\nRejoiced.…\n\n\n\nTraducir al español\nFuente: LyricFind']",Zadok the Priest+Amici Forever
15,[],I'll Be Satisfied With Love+Faron Young
16,"[""You don't like the way I am,\nYou don't like icp and twiztid,\nAlways wit a hatchet, whut,\nFuck you,\nThis the way I am\nI stay scrubby even though im paid, whut\nDropped out in the sixth grade, whut\nHad syphaliss three times, whut\nCommitted mad felony crimes, whut\nBeen a week I ain't washed my ass, whut\nFlunked outta special ed class, whut\nI'd slap john gotti right here, whut\nBut hes locked up now so neea, whut\nCarnivals beyond the dead, whut\nStill attack you without my head, whut\nScrubatism I'm about, whut\nSlappin' Baywatch beauties in the mouth, whut\nStomp ghosts that think they hard, whut\nPickin' fights up at the graveyard, whut\nYou don't like me, I make you sick,\nCome here and get a mouth full of dick,\nCause I am whut I am\nI be whut I wanna…\n\n\n\n\n\n\n\n\n\n\n\n\n\n\n\n\n\n\n\n\n\n\n\n\n\n\n\n\n\n\n\n\n\n\n\n\n\n\n\n\n\n\n\n\n\n\n\n\n\n\n\n\n\n\n\n\n\n\n\n\n\nTraducir al español\nFuente: LyricFind""]",Whut+Insane Clown Posse
17,"['I was cruisin\' in my Stingray late one night\nWhen an XKE pulled up on the right\nHe rolled down the window of his shiny new Jag\nAnd challenged me then and there to a drag\nI said ""You\'re on buddy -- my mill\'s running fine\nLet\'s come off the line now at Sunset and Vine\nBut I\'ll go you one better, if you\'ve got the nerve\nLet\'s race all the way -- to Dead Man\'s Curve""\nis no place to play\n(Dead Man\'s Curve) you\'d best keep away\n(Dead Man\'s Curve) I can hear \'em say\n""Won\'t come back from Dead Man\'s Curve""\nThe street was deserted late Friday night\nWe were buggin\' each other while we sat out the light\nWe both popped the clutch when the light turned green\nYou shoulda heard the whine from my screamin\' machine!\nI flew past La Brea, Schwab\'s and Crescent Heights\nAnd all…\n\n\n\n\n\n\n\n\n\n\n\n\n\n\nTraducir al español\nFuente: LyricFind']",Dead Man's Curve+Nash The Slash
18,"[""Oh use your common sense\nDon't take things for granted\nYou know it's not like that\nIt isn't how you said\nYou ask me if I love you\nWell I don't think that's fair\nYou ask me if I love you\nWell I don't think that's real\nTo criticize our love\nThe stupid things you said\nYou only try to hurt me\nThe stupid things you say\nYou hurt me deep inside\nYou ask me if I love you\nWell I don't think that's fair\nYou ask me if I love you\nWell I…\n\n\n\n\n\n\n\n\n\n\n\n\n\n\n\n\n\n\n\n\n\n\nTraducir al español\nFuente: Musixmatch""]",Ha Ha I'm Drowning+The Teardrop Explodes
19,[],Spirito di ritorsione+Cripple Bastards
20,"[""Yo, my offense is a mixture of Mike and Muhammad\nKnock a nigga unconscious and talk shit\nIn bare-knuckle boxin', speed is the object\nWeavin' and dodgin' with defensive blockin'\nSo in the ring, you cannot win\nThe top ten become nine dead if I ever decide to hop in\nWith the one-two, one-two shot to the chin\nKnock you out like ten shots of vodka and gin\nThe beautiful blend of power and strength\nFrom the top of my head, down to where my toe cuticles end\nI verbally burn a nigga, lyrically hurt a nigga\nPull a voodoo verse on a nigga, Kennedy curse a nigga\nWho can spit the words quicker than the average man?\nWho can embarrass a man? Bite you with fangs and mangle ya hands\nOn candid cam, the Canibus can\nThe Canibus can with the stamina to damage a man\nIt's been a…\n\n\n\n\n\n\n\n\n\n\n\n\n\n\n\n\n\n\n\n\n\n\n\n\n\n\n\n\n\n\n\n\n\n\n\n\n\n\n\n\n\n\n\n\n\n\n\n\n\n\n\n\n\n\n\n\n\n\n\n\n\n\n\n\n\n\n\n\n\n\n\n\n\n\n\n\n\n\n\n\n\n\n\n\n\n\n\n\n\n\n\n\n\n\n\n\n\n\n\n\n\nTraducir al español\nFuente: LyricFind""]",2000 B.C. (Before Canibus)+Canibus
21,['Que me buscas otra vez\nQue me tienes a tus pies\nY gobiernas mi cabeza\nQue me pides por favor\nQue te niegas por amor\nY al fin nada te interesa\nInventas mil contradicciones sin sentido\nY soy rehén de tus sentidos siempre\nQue me haces vigilar\nQue me echas sin hablar\nLuego vuelves por sorpresa\nQue me buscas otra vez\nY te pones a mis pies\nComo si fueras mi presa\nQue inventas mil contradicciones sin motivo\nQue soy rehén de tus sentidos y en tu juego sigo\nQue me quedo junto a ti\nQue me quedo aquí rendido\nNo respondo más de mí\nQue me quemo vivo\nQue me quedo junto a ti\nQue me quedo aquí rendido\nNo respondo más de mí\nQue me quemo vivo\nQue me pones un disfraz\nQue me pides algo más\nFantaseas nuevamente\nY te dejo hacerlo así\nJusto al borde de mí\nPorque no aprueba la gente\nQue…\n\n\n\n\n\n\n\n\n\n\n\n\n\n\n\n\n\n\n\n\nFuente: Musixmatch'],Que Me Quemo+Jaime Camil
22,[],Rocket Ship+Ian McCulloch
23,"['Sonhei que era uma rosa\nFeminil e delicada\nAcordei viril,\nMusculosa e inadequada\nSonhei que era uma voz\nA propor belas falas\nNão a rudez que tolhe\nEm prosa que não calha\nNo andar\nNo pensar\nNo amar\nUm eterno mal estar\nPra quê fui o amor inventar\nSou aquela que se entrosa\nCom todos os meninos\nVigorosa e desprendida\nNas bandas da vida\nPaíses não me explicam\nParentes não me abrigam\nPoetas me perfuram\nE…\n\n\n\n\n\n\n\n\n\n\nTraducir al español\nFuente: Musixmatch']",RÃºstica+Paula Toller
24,[],N4+Joy Division
25,"['And here we go to again\nwe taken it to the end\nwe every walkin moment\nwe face the silent torment\ni`d sacrifise\ni`d sacrifise myself to you\nright here tonight\nbecause you know that i love you\ndarkness, is all i want to see\nnever put in to words\nwhat it is you mean to me\ni`d sacrifise\ni`d sacrifise myself to you\nright here tonight\nbecause you know that i love you\nthe candle burning lower\nat…\n\n\n\n\n\n\nTraducir al español\nFuente: LyricFind']",Sacrifice (Live)+London After Midnight
26,"[""I know you Miriam very well\nCan't you tell when I look into your eyes\nSomething that I recognize from a dream\nI had a long time ago\nI know you Miriam\nLike the trees and the buildings\nI walk by them everyday\nSee them in a different way since I met you\nI love you Miriam\nAnd my love it is real\nIt's the one thing I can feel\nThough the eyes of love can deceive\nThe one thing I believe in you\nI know you Miriam\nI know you Miriam\nI know you Miriam\nAnd I know it's forever\nThough the eyes of love can deceive\nThe one thing I…\n\n\n\n\n\n\n\n\nTraducir al español\nFuente: Musixmatch""]",Miriam+Volebeats
27,[],Scandalous H**s II [feat. T-Pain] (Amended Album Version)+Mike Jones
28,[],Eye Android&Approaching+Jack Dangers
29,"[""Skylark\nHave you anything to say to me?\nWon't you tell me where my love can be?\nIs there a meadow in the mist\nWhere someone's waiting to be kissed?\nOh skylark\nHave you seen a valley green with spring?\nWhere my heart can go a journeying\nOver the shadows and the rain\nTo a blossom covered lane\nAnd in your lonely flight\nHaven't you heard the music in the night?\nWonderful music\nFaint as a will o' the wisp\nCrazy as a loon\nSad as a gypsty…\n\n\n\n\n\n\n\n\n\n\n\nTraducir al español\nFuente: Musixmatch""]",Skylark+Chiara Civello
30,"[""Well, the actual condition of my mind\nIs elusive as the answers that I find\nI keep going through transition\nFrom doubt to indecision\nIt's the actual condition of my mind\nWell, the actual condition of my soul\nSometimes feels like being sucked into a hole\nAnd I've come to this position\nRegardless of religion\nIt's the actual condition of my soul\nMy soul!\nWell, the actual…\n\n\n\n\nTraducir al español\nFuente: LyricFind""]",Actual Condition+Husker Du
31,['Pasado el tiempo de admiración\nDonde el respeto en cada mirada\nLimaba el roce de vivir\nComo en un huerto de pomadas\nY seco el tallo seco el humor\nPor cada beso una bofetada\nYa no me quieres como yo\nDe contrapeso esta balanxa\nAl otro lado de la bondad\nSe forja el hierro q tu demonio\nHa ido clavando en mi moral\nComo el amrgo del pomelo\nLa resaca del alcohol\nAsí me suena tu canción\nPorque los palos sientan fatal\nSi no m zurran no espabilo\nEste romance de arena y cal\nEs un castigo del destino\nY golpe a golpe empiezo a callar\nQ por la boca enredo las cosas\nNo tengo huevos de marchar\nComo el amargo del pomelo\nLa resaca del alcohol\nAsí me suena tu canción\nEn esta…\n\n\n\n\n\n\n\n\n\n\n\n\n\n\n\n\n\n\n\n\n\n\n\n\n\n\n\n\n\n\n\n\n\n\nFuente: Musixmatch'],El Amargo Del Pomelo+Nacho Cano
32,[],To Live and Die (in Vain)+Reign Supreme
33,"[""This ripped apart large sections of my social life\nDisabled from a bitter conflict with a surgical knife\nIf there was a possibility I would give away my wings\nGive my wings to you so you could fly away from the bombings\nDead bodies on the ground and a whispering sound\nAnother victim down, it's the daily round\nAnother explosion, panic and motion\nSmoke from a rooftop this will never stop\nI have no desire to end up in the crossfire\nIs there anything that I can do for you?\nTo remove the barbed wire and to send out more flyers\nDoesn't really change what this is developing to\nDead bodies on the ground and a whispering sound\nAnother victim down, it's the daily round\nAnother explosion, panic and motion\nSmoke from a rooftop this will never stop\nYour advice could be…\n\n\n\n\n\n\n\n\n\n\n\n\n\n\n\n\n\n\n\n\n\n\n\n\n\n\n\nTraducir al español\nFuente: LyricFind""]",The People Behind+Raised Fist
34,[],It's Life+Niraj Chag
35,"[""Descending the cold steps of the institution for the politically insane\nNever to be seen again\nSaying farewell to daylight\nFrom henceforth I shall rot in stinking bed of wet straw\nRight from the ashes of life...\nI learned to behave\nWhat to believe\nWhat not to say\nFrom cradle to grave\nAh...\nLike a good little slave!\nSucking my milk\nFrom the venomous tit of the state!\nClearly designed to suppress every thought of escape\nAh...\nI surrunder to fate!\nNo pity... No pity!\nDon't want no pity for me in this filthy cell\nI'll see you in hell... see you in hell!\nFrozen in time, I'm a specimen pinned to my throne\nWith an army of butterflies pilloried placid and prone\nAh...\nWe…\n\n\n\n\n\n\nTraducir al español\nFuente: Musixmatch""]",Surrender+Placid
36,[],Oh Creole+The Rumble Strips
37,[],Koris Filin Ezitixa+Nikos Xilouris
38,"[""What kind of love is this\nConcealed behind your kiss\nWhat kind of love would try\nBehind a silent cry\nTo come stealing in, with an innocent grin\nTo leave you staring\nAt the empty ceiling, feeling nothing\nLookin' on\nI'm just lookin' on.\nMy cynic friends maintain\nA low profile with a high disdain\nI think I'll try once more to make friends\nWith the wolves that live at my door\nAnd come stealing in, with their innocent grin\nAnd leave me staring\nAt the empty ceiling\nFeeling absolutely nothing\nLookin' on\nLeave you\nLookin' on, lookin' on\nLeave you\nLookin' on.\nWhat kind of mood will change\nOr ease this subtle flame\nWhat warm and blissful rain\nMight doubt your trust again\nFor that beautiful thing\nThat once made my poor heart sing\nBeautiful thing\nIt's never going to leave me…\n\n\n\n\n\n\n\n\n\n\n\n\n\n\n\n\n\n\n\n\n\n\n\n\n\n\n\n\n\nTraducir al español\nFuente: Musixmatch""]",Lookin' On+John Martyn
39,[],Le port de gÃªnes+Monsieur Lune
40,[],Dreaming Of Injured Popstars+Chris T-T
41,"[""If I sing a song will you sing along?\nIf I sing a song will you sing along?\nIf I sing a song will you sing along or should I just keep singing right here by myself?\nIf I tell you I'm strong will you play along?\nIf I tell you I'm strong will you play along?\nIf I tell you I'm strong will you play along or will you see I'm as insecure as everybody else?\nIf I follow along does it mean I belong?\nIf I follow along does it mean I belong?\nIf I follow along does it mean I belong or will I keep on feeling different than everybody else?\nIf I sing a song will you sing along? (If sing a song)\nIf I sing a song will you sing along? (will you sing along)\nOr should I just keep singing right here by myself? (or should I keep singing all by myself?)\nIf I sing a song will…\n\n\n\n\n\n\n\n\nTraducir al español\nFuente: LyricFind""]",Sing Along [Featuring Dave Matthews]+Blue Man Group
42,"['Dirección: Carrer de Sant Ignasi, 73 bis, 08340 Vilassar de Mar, Barcelona\nHorario:\nAbierto ⋅ Cierra a las 14:30\n\nLos horarios o los servicios pueden variar\nTeléfono: 937 59 15 53']",Juliette & Jonathan+Lotta Engbergs
43,[],Dead Light+Amazing Baby
44,"[""City streets are filled with crime, politician's laugh and dine\nPubic stare of murdered eyes, living statues, souls have died\nConcrete cancer setting in, another war about to begin\nIn freedom's coffin life rotting, release me from this social din\nMythic places only I can see\nPainting pictures in the dark of a place less stark\nSpiral staircase in my mind after midnight sense climb\nBuilding castles in the sky, gateways to another life\nStallions of destiny take me to celestial seas\nAphrodite waits for me, we swim into eternity\nEpic places only I can see\nPainting pictures in…\n\n\nTraducir al español\nFuente: Musixmatch""]",Painting In The Dark+Cathedral
45,[],Can't Sit Still (Album Version)+Revolting Cocks
46,[],Gambin' Man+Birmingham Jubilee Singers
47,[],Fighting Butterflies+Steve Brookstein
48,"[""I took my little Jenny to a party last night\nAt ten o'clock it ended in a heckuva fight\nWhen someone hit my Jenny she went out like a light\nPoor Jenny\nAnd then some joker went and called the cops on the phone\nSo everybody scattered out for places unknown\nI couldn't carry Jenny so I left her alone\nPoor Jenny\nWell Jenny had her picture in the paper this mornin'\nShe made it with a bang\nAccordin' to the story in the paper this mornin'\nJenny is the leader of a teenage gang\nJenny has a brother and he's hot on my trail\nHer daddy wants to ride me out of town on a rail\nI hope I'll be around when Jenny gets out of jail\nPoor Jenny\nI went downtown to see her, she was locked in a cell\nShe wasn't very glad to see me, that I could tell\nIn fact, to tell the truth, she…\n\n\n\n\n\n\n\n\n\n\n\nTraducir al español\nFuente: LyricFind""]",Poor Jenny+Everly Brothers
49,[],5+These New Puritans
50,[],Old Joe's Stomp+The Old Joe Clarks
51,"['In my dreams I see a land of might\nOne ruler, I see the image of myself so bright\nBeneath an ocean of sand\nI have been buried with my love\nI will sleep for ages\nBut a shadow in my mind\nHaunted by the memories\nOf what…\n\n\n\n\n\n\nTraducir al español\nFuente: Musixmatch']",The Book Of Shadows Part Ii:the Curse Of Qu'a+Dragonland
52,[],Mama+Tony Roots
53,"['They said love hurts\nI wrote that book\nI climbed that wall\nI had one look\nBut you just came around, to say hello\nThe streets were filled with guilty hearts\nAnd here was I right from the start\nAnd I lost everything\nWhen I lost you\nSo tell me why-why-why-why\nShould I let you go\nGive me 20 good reasons\nI need to know\nYeah\nAnd at that point\nThere was no pain\nThere was no sky\nThere was no rain fall\nAll there was was you and your sweet face\nBut life is life\nAnd things will change\nLike scenes upon an actors stage\nTomorrow comes today\nfor all we know\nSo tell me baby why-why-why-why\nShould I let you go\nGive me 20 good reasons\nI need to know\nYeah\nGive me 20 good reasons [X3]\nTo let…\nTraducir al español\nFuente: LyricFind']",20 Good Reasons+Thirsty Merc
54,['Para cantar he nacido\nSoy copla que el viento lleva\nA veces canto en el árbol\nQue se deshoja de pena\nA veces bebo del fuego\nPalabras de primavera\nMi sangre canta por dentro\nComo la lluvia por fuera\nLa noche canta y convierte\nSus pájaros en estrellas\nPero cuando canta el pueblo\nMusicaliza mis venas\nYo nunca miro a la rosa\nPor su color de quimera\nLa miro porque ella tiene\nA sangre de los que sueñan\nPorque en sus gajos florecen\nLas manos del que la siembra\nSi el canto no se levanta\nComo la hoguera del fuego\nSi no libera las penas\nDe los que están en la tierra\nDe nada sirve que suene\nLa voz de la chacarera\nAsí como canta el río\nCuando la noche lo ciega\nY sin mirar su camino\nSigue su rumbo de piedra\nYo le canto a los que vienen\nCaminando…\n\n\n\n\n\n\n\n\n\n\n\n\n\n\n\nFuente: LyricFind'],Si Llega A Ser Tucumana+Mercedes Sosa
55,['Soñaba tenerte sólo para mi\nMi vida llenaste de amor sin fin\nNuestro romance era inmenso\nPero no apreciaste lo que yo te dí\nLlegué a tocar el cielo con tu calor\nEras lo que siempre anhelaba\nPero en ti no sentias nada\nSólo frío tu corazón\nEn un segundo todo se acabó\nCuando dijiste era en vano\nNuestra relación\nPor que esperaste tanto tiempo\nY jugaste con mis sentimientos\nSobrevivir le pido a Dios\nPues tu recuerdo guarda mi corazón\nQue hice yo para merecer\nEste castigo en el amor\nSobrevivir le pido a Dios\nPues todo en mi se derrumbó\nVivo esclavizado de tu olvido\nA los 4 vientos ahora grito\nSobrevivir...\nCreí estar contigo hasta el final\nFinges bien lo que no puedes dar\nPor fuera tienes cara de Ángel\nSin saber que por dentro\nEl infierno está\nEl mundo da vuelta y lo…\n\n\n\n\n\n\n\n\n\n\n\n\n\nFuente: Musixmatch'],Sobrevivir+Bobby Pulido
56,[],You Can Have Her+Jim Ed Brown
57,"[""When I saw you piss on the rug, my heart fluttered\nAnd I knew it was love, true love\nAll the things that you said and did to your mom\nI knew you were the only one, the only one for me\n(pre-chorus)\nGo and call the priest\nSo he can exorcize me\nBe my ghoul tonight...\n(chorus)\nRegan it was love at first fright, first fright\nLove at first fright, first fright\nRegan it was love at first fright, first fright\nLove at first fright, first fright\nI'd love it if you'd spin your head for me\nOr vomit a beautiful pea soup green\nSo beautifully\nAcross you stomach it said, help me\nI gotta' know…\n\n\n\n\n\n\n\n\n\n\n\n\n\nTraducir al español\nFuente: LyricFind""]",Love At First Fright (Album Version)+Murderdolls
58,[],Tripping+Montefiori Cocktail
59,['I had dreams and crazy schemes\nNever felt this way before\nI had days when I god raged\nNever felt like this before\nEndless nights that end in flights\nNow I feel love\nNever. Never. Never more than now\nNever. Never. Never more than now\nNever more than now\nParalysed by vicious lies\nNever felt this way before\nSeen hope die and grown men cry\nNever felt like this before\nShed lonely tears and heartfelt fears\nNow I feel love\nNever. Never. Never more than now\nNever. Never. Never more than now\nA thing of beauty\nLasts forever\nStretches…\n\n\n\n\n\n\n\n\n\nTraducir al español\nFuente: LyricFind'],Never More Than Now+ABC
60,"[""Lying on your floor\nLighting matches to stay warm\nClosing all the blinds\nAnd getting up to lock the door\nLying to your friends\nBurning s once again\nGuess some things\nJust never end\nYou're still around\nIn spite of them\nBad penny don't you know\nDon't you know\nYou'll lose your soul\nI wish you wouldn't start\nIt makes forgiveness twice as\nHard\nTrying to let go\nWhile making sure\nThat you get home\nAfter all the bars have closed\nAfter all it's getting cold\nMy stupid heart won't let go\nI'll fall asleep on your floor…\n\n\n\n\n\n\n\n\n\n\n\n\n\n\n\n\nTraducir al español\nFuente: Musixmatch""]",Bad Penny+Pete Krebs
61,[],Lifeboat+The Sutherland Brothers
62,[],I Know+DJ Peril
63,"[""Forgive me Lord for the times I disgrace myself\nRestore me and I will return\nYour discipline is that which I have known and loved\nTeach me Lord for I long to learn\nO how I need your closeness\nYour words are tender\nYour spirit it sets me free to live\nFree to move in the river of your love\nKnow your blessings and know the joy you give\nMy shepherd come and cry for me\nHold my arms as I carry my cross\nTo live and to die for you is my hope\nIn ya house I know I'll never be lost\nWhere love is real\nAnd love is you\nAnd life goes on\nRound and round we go\nAfter I strayed I repented\nAfter I came to understand my whole heart cried\nI was ashamed when I heard you call my name\nWhen you ran to meet me with your arms wide\nHow my heart was rotten with the sin of my youth\nTill you…\n\n\n\n\n\n\n\n\n\n\n\n\n\n\n\n\n\n\n\n\n\n\n\n\n\n\n\n\n\n\n\nTraducir al español\nFuente: Musixmatch""]",Love+XL5
64,[],Raven Humankind+Poema Arcanus
65,"[""You don't have to tell me what you came for\n(Yes I want it, I don't want it)\nYour eyes are beaming circles on the floor\n(Yes I want it, I don't want it)\nYour tongue like acid it burns my skin\n(Yes I want it, no I don't want it no)\nI'm so defenseless from...\nThe lust, it fills my soul with screams\nBut when it stops, it kills, it makes me weak\nWhat do you want from me?\nInside, only pain is real\nIsn't this room smaller than before?\n(Yes I want it, I don't want it)\nAre we closer or are we just bored?\n(Yes I want it, I don't want it)\nThe lack of oxygen makes my head spin\n(Yes I want it, no I don't want it no)\nAnd just for a moment...\nThe love I feel so close, so real\nBut then…\n\n\n\n\n\n\n\nTraducir al español\nFuente: LyricFind""]",Only Pain Is Real+Silence 4
66,"['Well, on the bridge she stands burning a candle\nWithout a flashbulb, without a light\nI looked at the flash, I looked up at her\nStanding naked, standing white\nAnd as the king shakes hands addressing the people\nNot too angry, not too loud\nThe queen takes steps to dance without anger\nFlashbulb people, flashbulb crowd\nLook at the clock, check on the time\nTook my sleep and committed a crime\nDestruction of a flashbulb dream\nCreator of a light switch queen\nDestruction of a flashbulb dream\nCreator of a light switch queen\nWhat does it mean, what does it mean, what does it mean to you?\nWell, on the bridge she stands burning a candle\nWithout a flashbulb, without a light\nI looked at the flash, I looked up at her\nStanding naked, standing white\nAnd as the king shakes hands…\n\n\n\n\n\n\n\n\n\n\n\nTraducir al español\nFuente: Musixmatch']",Flashbulb+Nirvana
67,"['Hulákat na lesy kdesi v chráněných krajinách,\nV snách i v peřinách,\nV bezprostřední blízkosti lítosti se vracím přes mosty,\nKde bouří řeka a čeká,\nAž pohltí člověka v celé jeho kráse a nepochopitelnosti,\nZdá se, že jsme hosty ve zlých časech.\nNapsal jsem na zeď všechna svá cizí jména,\nAbych zůstal tvým jediným mezi všema,\nNáhodnýma, nehodnýma, hold nýmand.\nV tom sevření vře ve mně nečitelnost svazku,\nNeb s nohama nad zemí děláš s každým lásku,\nUpřímnou soustrast, sounáležitosti,\nMá soukromá pasti, kurtizáno cudnosti.\nJsem asi jat, daleko od domova\nA ty roštěnka z žebra Adamova.\nJsem asi jat, daleko od domova\nA ty roštěnka z žebra Adamova.\nJsem komorník v tvém předpokoji slasti,\nSborník citátů a citů bez tvé účasti.\nSamaritán, vždy když sama jsi tam.\nMám…\n\n\n\n\n\n\n\n\n\n\n\n\n\n\n\n\n\n\n\n\n\n\n\n\n\n\n\n\n\n\n\n\n\n\nTraducir al español\nFuente: Musixmatch']",AsiJat a Eva+Tomas Klus
68,[],Veridis Quo+Daft Punk
69,[],Killer Instinct+Styles Of Beyond
70,[],Only A Memory (24-Bit Digitally Remastered 04)+The Smithereens
71,"['La-la-la-la-la-la-la\nClap your hands, yeah!\nClap your hands, yeah!\nClap your hands, yeah!\nClap your hands, yeah!\nClap your hands, yeah!\nClap your hands, yeah!\nClap your hands, yeah!\nLa-la-la-la-la-la-la\nLa-la-la-la-la-la-la\nSunday, Sunday, Sunday, Sunday\nClap your hands, yeah!\nClap your…\n\n\n\n\n\n\nTraducir al español\nFuente: LyricFind']",Sunday Shoutin' (B. Boy's Shoutin' Dub)+Johnny Corporate
72,"[""She was standing in the dark\nWaiting in the wings\nJust around the next dream\nHe was holdin' all the keys\nTo set my heart free\nBehind the shadows of love\nFrom the distance I could see\nHer standing alone\nShine like a jewel in the night\nHidden from the eyes\nA thief of the soul\nBehind the shadows of love\nSet me on fire with the stories you tell\nDrown in the ocean of dreams\nClose to the flame on wings of desire\nNothing's what it seems\nShe was waiting outside\nWith arms open wide\nReady to break my…\n\n\n\n\n\n\n\n\nTraducir al español\nFuente: LyricFind""]",Naked Flame+B.B.M.
73,"['It\'s a free world\nAnd you\'re a big girl\nYou will never learn\nSo you can dig your own grave without me\nYou and I were dancing\nWhen the music stopped\nI fell through the floor\nBut you stayed on top\nNow I\'ll never make it back across this great divide\nAnd I miss the old you like you miss the old me\nYou only see what you wanna see\nYou only hear what you wanna hear\nWell you can do what you wanna do\nBut you\'ll miss the old me\nLike I miss the old you\nIt\'s a free world\nAnd you\'re a big girl\nYou will never learn\nSo you can dig your own grave without me\nYou don""t have to listen to what I say\nYou don\'t have to do things my way\nYou can burn your bridges if you want to\nAnd it\'s your own choice\nTo fall flat on your face\nIs this what we became?\nA dead painting in a frame\nWe turned…\n\n\n\n\n\n\n\n\n\n\n\n\n\n\n\n\n\n\n\n\nTraducir al español\nFuente: Musixmatch']",Missing You _ Missing Me+Deportees
74,['Disponible en\nSpotify\nDeezer\nGoogle Play Música\nArtista: Joe Williams\nArtista invitado: Count Basie\nGénero: Jazz'],Confessin' The Blues+Joe Williams & Count Basie
75,[],Rowdy Jack+Gigi Barocco
76,[],Common People+Pulp
77,[],Money+Arrogance
78,[],The Underworld (featuring Poet Shado)+MRK 1
79,[],Chalito+Noel
80,[],Monkey Mash+Task Horizon
81,[],Enamorado De Ti Estoy+Willie Gonzalez
82,[],Swaheto Woman+David Johansen
83,[],Tease Me Please Me+Scorpions
84,[],Talking Head+Lucio De Rimanez
85,[],Garden City Blues+Silkworm
86,[],Mustang (Instrumental)+Mustang
87,[],Unite The Masses (prod. by Entity)+Maestroes
88,[],Fekete tyÃºk_ fekete kÃºt+Goulasch Exotica
89,[],Smiles And Laughter (AD 110)+Modern English
90,[],Summer Loving Song+Katell Keineg
91,[],San Francisco+Paul Mauriat And His Orchestra
92,[],1103+Chaundon
93,[],Biting The Soles Of My Feet+The Electric Soft Parade
94,[],Un dedo+Voltio
95,[],Asignatura pendiente (Album)+Ricardo Arjona
96,[],City of God+Sodom
97,[],Poison Like Sweat+Dedicated Frequency
98,[],Don't Wanna Come Back+Mother's Finest
99,[],Objects Are Falling (Instrumental)+Ceschi
100,[],This Suffering (Album Version)+Billy Talent
101,[],Time+Hidden Logic
102,[],Island In Your Heart+Living Things
103,[],I Will Say This Twi&+These New Puritans
104,[],The River+Simon McBride
105,[],Make It Bounce+Gangsta Pat
106,[],Vieraat kasvot+Antti Tuisku
107,[],Words on the Wall+Dangerous Toys
108,[],Magdaleena+PMMP
109,[],My Feet Can't Fail Me Now+Dirty Dozen Brass Band
110,[],Chatahooche+Caballo Dorado
111,[],La prima donna sulla luna+Gigliola Cinquetti
112,[],Contact (Assemblage 23 Remix)+Seabound
113,[],Anathema Maranatha+Ã�on
114,[],Ever Since WWI (Album Version)+Team Sleep
115,[],Shadows Over Transylvania+Dark Funeral
116,[],Existence In Despair (Immune Album Version)+Soul Embraced
117,[],Resistance (LP Version)+Big Mountain
118,[],The Beauty+Jolly Harbour
119,[],Snap_ Crackle_ Pop+The John Scofield Band
120,[],Saturday Morning+A Shoreline Dream
121,[],I Know Where It's At (Cutfather And Jo's Alternative Mix - Radio)+All Saints
122,[],Heron+Cerys Matthews
123,[],Medicine Time+Marc Ford
124,[],Fuck you pay me+Raging Speedhorn
125,[],Thief Of Hearts+Discipline
126,[],Fantasy (Tribal Remix)+Acid Factor_ Margie M
127,[],Failing_ Flailing (Album Version)+Streetlight Manifesto
128,[],Mourning palace+Dimmu Borgir
129,[],Burning For Your Love+Solomon Burke
130,[],The Only Way Is Up+Yazz
131,[],Police Station Blues+Mance Lipscomb
132,[],I Can Talk To You+Richard Clapton
133,[],Intro+Mathematik
134,[],Run If You Can / Watchtower+Watchtower
135,[],Open+Afu-Ra
136,[],Awkward Rhythm Of The Dance+Evol Intent
137,[],In an Operetta+The Magnetic Fields
138,[],How's My Butt Look (Album Version)+Jeff Foxworthy
139,[],Small World+Roddy Frame
140,[],Take Me+Pulcher Femina
141,[],Stuck In The Middle With You+Stealers Wheel
142,[],Young Man+Hoyt Axton
143,[],You Make Me Smile  (LP Version)+Jennifer Love Hewitt
144,[],Euphrasia+Nico Purman
145,[],As Long As He Takes Care Of Home+Candi Staton
146,[],Screw The Coffeemaker+Michal Ho
